[{"model": "admin.logentry", "pk": 1, "fields": {"action_time": "2024-01-09T16:26:21.464Z", "user": 1, "content_type": 6, "object_id": "1", "object_repr": "Shirts", "action_flag": 1, "change_message": "[{\"added\": {}}]"}}, {"model": "admin.logentry", "pk": 2, "fields": {"action_time": "2024-01-09T16:31:55.522Z", "user": 1, "content_type": 6, "object_id": "2", "object_repr": "T Shirt", "action_flag": 1, "change_message": "[{\"added\": {}}]"}}, {"model": "admin.logentry", "pk": 3, "fields": {"action_time": "2024-01-09T16:32:19.687Z", "user": 1, "content_type": 6, "object_id": "3", "object_repr": "Shoes", "action_flag": 1, "change_message": "[{\"added\": {}}]"}}, {"model": "admin.logentry", "pk": 4, "fields": {"action_time": "2024-01-09T16:32:44.985Z", "user": 1, "content_type": 6, "object_id": "4", "object_repr": "Jackets", "action_flag": 1, "change_message": "[{\"added\": {}}]"}}, {"model": "admin.logentry", "pk": 5, "fields": {"action_time": "2024-01-09T16:33:05.098Z", "user": 1, "content_type": 6, "object_id": "5", "object_repr": "Jeans", "action_flag": 1, "change_message": "[{\"added\": {}}]"}}, {"model": "admin.logentry", "pk": 6, "fields": {"action_time": "2024-02-03T09:27:41.328Z", "user": 1, "content_type": 8, "object_id": "1", "object_repr": "Wrangler-Shirt", "action_flag": 1, "change_message": "[{\"added\": {}}]"}}, {"model": "admin.logentry", "pk": 7, "fields": {"action_time": "2024-02-03T09:28:16.956Z", "user": 1, "content_type": 8, "object_id": "2", "object_repr": "US-Polo-Assn_Jacket", "action_flag": 1, "change_message": "[{\"added\": {}}]"}}, {"model": "admin.logentry", "pk": 8, "fields": {"action_time": "2024-02-03T09:28:45.749Z", "user": 1, "content_type": 8, "object_id": "3", "object_repr": "Puma-Ferrari-Shoes", "action_flag": 1, "change_message": "[{\"added\": {}}]"}}, {"model": "admin.logentry", "pk": 9, "fields": {"action_time": "2024-02-03T09:29:24.580Z", "user": 1, "content_type": 8, "object_id": "4", "object_repr": "Mavi_jeans", "action_flag": 1, "change_message": "[{\"added\": {}}]"}}, {"model": "admin.logentry", "pk": 10, "fields": {"action_time": "2024-02-03T09:30:03.501Z", "user": 1, "content_type": 8, "object_id": "5", "object_repr": "jordan-true-flight-basketball-shoes", "action_flag": 1, "change_message": "[{\"added\": {}}]"}}, {"model": "admin.logentry", "pk": 11, "fields": {"action_time": "2024-02-03T09:30:39.151Z", "user": 1, "content_type": 8, "object_id": "6", "object_repr": "Great-Tshirt", "action_flag": 1, "change_message": "[{\"added\": {}}]"}}, {"model": "admin.logentry", "pk": 12, "fields": {"action_time": "2024-02-03T09:31:07.749Z", "user": 1, "content_type": 8, "object_id": "7", "object_repr": "Blue-Shirt", "action_flag": 1, "change_message": "[{\"added\": {}}]"}}, {"model": "admin.logentry", "pk": 13, "fields": {"action_time": "2024-02-11T08:26:15.683Z", "user": 1, "content_type": 8, "object_id": "6", "object_repr": "Great-Tshirt", "action_flag": 2, "change_message": "[{\"changed\": {\"fields\": [\"Stock\"]}}]"}}, {"model": "admin.logentry", "pk": 14, "fields": {"action_time": "2024-04-06T09:00:25.650Z", "user": 1, "content_type": 11, "object_id": "1", "object_repr": "Blue-Shirt", "action_flag": 1, "change_message": "[{\"added\": {}}]"}}, {"model": "admin.logentry", "pk": 15, "fields": {"action_time": "2024-04-06T09:00:44.649Z", "user": 1, "content_type": 11, "object_id": "2", "object_repr": "Wrangler-Shirt", "action_flag": 1, "change_message": "[{\"added\": {}}]"}}, {"model": "admin.logentry", "pk": 16, "fields": {"action_time": "2024-04-06T09:04:47.625Z", "user": 1, "content_type": 11, "object_id": "1", "object_repr": "Blue-Shirt", "action_flag": 2, "change_message": "[{\"changed\": {\"fields\": [\"Is active\"]}}]"}}, {"model": "admin.logentry", "pk": 17, "fields": {"action_time": "2024-04-06T09:04:50.205Z", "user": 1, "content_type": 11, "object_id": "1", "object_repr": "Blue-Shirt", "action_flag": 2, "change_message": "[{\"changed\": {\"fields\": [\"Is active\"]}}]"}}, {"model": "admin.logentry", "pk": 18, "fields": {"action_time": "2024-04-06T09:09:50.123Z", "user": 1, "content_type": 11, "object_id": "2", "object_repr": "Wrangler-Shirt", "action_flag": 3, "change_message": ""}}, {"model": "admin.logentry", "pk": 19, "fields": {"action_time": "2024-04-06T09:10:06.034Z", "user": 1, "content_type": 11, "object_id": "3", "object_repr": "Blue-Shirt", "action_flag": 1, "change_message": "[{\"added\": {}}]"}}, {"model": "admin.logentry", "pk": 20, "fields": {"action_time": "2024-04-06T09:10:17.921Z", "user": 1, "content_type": 11, "object_id": "4", "object_repr": "Blue-Shirt", "action_flag": 1, "change_message": "[{\"added\": {}}]"}}, {"model": "admin.logentry", "pk": 21, "fields": {"action_time": "2024-04-06T09:10:26.712Z", "user": 1, "content_type": 11, "object_id": "5", "object_repr": "Blue-Shirt", "action_flag": 1, "change_message": "[{\"added\": {}}]"}}, {"model": "admin.logentry", "pk": 22, "fields": {"action_time": "2024-04-06T09:10:35.496Z", "user": 1, "content_type": 11, "object_id": "6", "object_repr": "Blue-Shirt", "action_flag": 1, "change_message": "[{\"added\": {}}]"}}, {"model": "admin.logentry", "pk": 23, "fields": {"action_time": "2024-04-06T09:10:40.737Z", "user": 1, "content_type": 11, "object_id": "6", "object_repr": "Blue-Shirt", "action_flag": 2, "change_message": "[{\"changed\": {\"fields\": [\"Variation value\"]}}]"}}, {"model": "admin.logentry", "pk": 24, "fields": {"action_time": "2024-04-21T06:32:37.339Z", "user": 1, "content_type": 11, "object_id": "7", "object_repr": "Blue-Shirt", "action_flag": 1, "change_message": "[{\"added\": {}}]"}}, {"model": "admin.logentry", "pk": 25, "fields": {"action_time": "2024-04-21T09:11:34.854Z", "user": 1, "content_type": 11, "object_id": "8", "object_repr": "blue", "action_flag": 1, "change_message": "[{\"added\": {}}]"}}, {"model": "admin.logentry", "pk": 26, "fields": {"action_time": "2024-04-21T09:11:41.692Z", "user": 1, "content_type": 11, "object_id": "8", "object_repr": "small", "action_flag": 2, "change_message": "[{\"changed\": {\"fields\": [\"Variation category\", \"Variation value\"]}}]"}}, {"model": "admin.logentry", "pk": 27, "fields": {"action_time": "2024-04-21T09:12:10.573Z", "user": 1, "content_type": 11, "object_id": "9", "object_repr": "blue", "action_flag": 1, "change_message": "[{\"added\": {}}]"}}, {"model": "admin.logentry", "pk": 28, "fields": {"action_time": "2024-04-21T09:23:55.613Z", "user": 1, "content_type": 11, "object_id": "10", "object_repr": "tea", "action_flag": 1, "change_message": "[{\"added\": {}}]"}}, {"model": "admin.logentry", "pk": 29, "fields": {"action_time": "2024-04-21T12:13:35.924Z", "user": 1, "content_type": 10, "object_id": "42", "object_repr": "US-Polo-Assn_Jacket", "action_flag": 3, "change_message": ""}}, {"model": "admin.logentry", "pk": 30, "fields": {"action_time": "2024-04-21T12:13:36.097Z", "user": 1, "content_type": 10, "object_id": "41", "object_repr": "US-Polo-Assn_Jacket", "action_flag": 3, "change_message": ""}}, {"model": "admin.logentry", "pk": 31, "fields": {"action_time": "2024-04-21T12:13:36.172Z", "user": 1, "content_type": 10, "object_id": "40", "object_repr": "US-Polo-Assn_Jacket", "action_flag": 3, "change_message": ""}}, {"model": "admin.logentry", "pk": 32, "fields": {"action_time": "2024-04-21T12:13:36.246Z", "user": 1, "content_type": 10, "object_id": "39", "object_repr": "US-Polo-Assn_Jacket", "action_flag": 3, "change_message": ""}}, {"model": "admin.logentry", "pk": 33, "fields": {"action_time": "2024-04-21T12:13:36.319Z", "user": 1, "content_type": 10, "object_id": "38", "object_repr": "US-Polo-Assn_Jacket", "action_flag": 3, "change_message": ""}}, {"model": "admin.logentry", "pk": 34, "fields": {"action_time": "2024-04-21T12:13:36.394Z", "user": 1, "content_type": 10, "object_id": "37", "object_repr": "US-Polo-Assn_Jacket", "action_flag": 3, "change_message": ""}}, {"model": "admin.logentry", "pk": 35, "fields": {"action_time": "2024-04-21T12:13:36.467Z", "user": 1, "content_type": 10, "object_id": "36", "object_repr": "US-Polo-Assn_Jacket", "action_flag": 3, "change_message": ""}}, {"model": "admin.logentry", "pk": 36, "fields": {"action_time": "2024-04-21T12:13:36.541Z", "user": 1, "content_type": 10, "object_id": "35", "object_repr": "US-Polo-Assn_Jacket", "action_flag": 3, "change_message": ""}}, {"model": "admin.logentry", "pk": 37, "fields": {"action_time": "2024-04-21T12:13:36.614Z", "user": 1, "content_type": 10, "object_id": "34", "object_repr": "US-Polo-Assn_Jacket", "action_flag": 3, "change_message": ""}}, {"model": "admin.logentry", "pk": 38, "fields": {"action_time": "2024-04-21T12:13:36.690Z", "user": 1, "content_type": 10, "object_id": "33", "object_repr": "US-Polo-Assn_Jacket", "action_flag": 3, "change_message": ""}}, {"model": "admin.logentry", "pk": 39, "fields": {"action_time": "2024-04-21T12:13:36.774Z", "user": 1, "content_type": 10, "object_id": "32", "object_repr": "US-Polo-Assn_Jacket", "action_flag": 3, "change_message": ""}}, {"model": "admin.logentry", "pk": 40, "fields": {"action_time": "2024-04-21T12:13:36.847Z", "user": 1, "content_type": 10, "object_id": "31", "object_repr": "US-Polo-Assn_Jacket", "action_flag": 3, "change_message": ""}}, {"model": "admin.logentry", "pk": 41, "fields": {"action_time": "2024-04-21T12:13:36.922Z", "user": 1, "content_type": 10, "object_id": "30", "object_repr": "US-Polo-Assn_Jacket", "action_flag": 3, "change_message": ""}}, {"model": "admin.logentry", "pk": 42, "fields": {"action_time": "2024-04-21T12:13:36.995Z", "user": 1, "content_type": 10, "object_id": "29", "object_repr": "US-Polo-Assn_Jacket", "action_flag": 3, "change_message": ""}}, {"model": "admin.logentry", "pk": 43, "fields": {"action_time": "2024-04-21T12:13:37.070Z", "user": 1, "content_type": 10, "object_id": "28", "object_repr": "US-Polo-Assn_Jacket", "action_flag": 3, "change_message": ""}}, {"model": "admin.logentry", "pk": 44, "fields": {"action_time": "2024-04-21T12:13:37.144Z", "user": 1, "content_type": 10, "object_id": "27", "object_repr": "US-Polo-Assn_Jacket", "action_flag": 3, "change_message": ""}}, {"model": "admin.logentry", "pk": 45, "fields": {"action_time": "2024-04-21T12:13:37.229Z", "user": 1, "content_type": 10, "object_id": "26", "object_repr": "US-Polo-Assn_Jacket", "action_flag": 3, "change_message": ""}}, {"model": "admin.logentry", "pk": 46, "fields": {"action_time": "2024-04-21T12:13:37.312Z", "user": 1, "content_type": 10, "object_id": "25", "object_repr": "US-Polo-Assn_Jacket", "action_flag": 3, "change_message": ""}}, {"model": "admin.logentry", "pk": 47, "fields": {"action_time": "2024-04-21T12:13:37.387Z", "user": 1, "content_type": 10, "object_id": "24", "object_repr": "US-Polo-Assn_Jacket", "action_flag": 3, "change_message": ""}}, {"model": "admin.logentry", "pk": 48, "fields": {"action_time": "2024-04-21T12:13:37.461Z", "user": 1, "content_type": 10, "object_id": "17", "object_repr": "Blue-Shirt", "action_flag": 3, "change_message": ""}}, {"model": "admin.logentry", "pk": 49, "fields": {"action_time": "2024-04-21T12:13:37.546Z", "user": 1, "content_type": 10, "object_id": "12", "object_repr": "Wrangler-Shirt", "action_flag": 3, "change_message": ""}}, {"model": "admin.logentry", "pk": 50, "fields": {"action_time": "2024-04-21T12:14:34.361Z", "user": 1, "content_type": 10, "object_id": "44", "object_repr": "Blue-Shirt", "action_flag": 3, "change_message": ""}}, {"model": "admin.logentry", "pk": 51, "fields": {"action_time": "2024-04-21T12:14:34.607Z", "user": 1, "content_type": 10, "object_id": "43", "object_repr": "Blue-Shirt", "action_flag": 3, "change_message": ""}}, {"model": "admin.logentry", "pk": 52, "fields": {"action_time": "2024-04-21T12:26:54.647Z", "user": 1, "content_type": 10, "object_id": "50", "object_repr": "Blue-Shirt", "action_flag": 3, "change_message": ""}}, {"model": "admin.logentry", "pk": 53, "fields": {"action_time": "2024-04-21T12:26:54.816Z", "user": 1, "content_type": 10, "object_id": "49", "object_repr": "Blue-Shirt", "action_flag": 3, "change_message": ""}}, {"model": "admin.logentry", "pk": 54, "fields": {"action_time": "2024-04-21T12:26:54.891Z", "user": 1, "content_type": 10, "object_id": "48", "object_repr": "Blue-Shirt", "action_flag": 3, "change_message": ""}}, {"model": "admin.logentry", "pk": 55, "fields": {"action_time": "2024-04-21T12:26:54.964Z", "user": 1, "content_type": 10, "object_id": "47", "object_repr": "Blue-Shirt", "action_flag": 3, "change_message": ""}}, {"model": "admin.logentry", "pk": 56, "fields": {"action_time": "2024-04-21T12:26:55.038Z", "user": 1, "content_type": 10, "object_id": "46", "object_repr": "Blue-Shirt", "action_flag": 3, "change_message": ""}}, {"model": "admin.logentry", "pk": 57, "fields": {"action_time": "2024-04-21T12:26:55.112Z", "user": 1, "content_type": 10, "object_id": "45", "object_repr": "Blue-Shirt", "action_flag": 3, "change_message": ""}}, {"model": "admin.logentry", "pk": 58, "fields": {"action_time": "2024-04-21T12:28:21.473Z", "user": 1, "content_type": 10, "object_id": "57", "object_repr": "Blue-Shirt", "action_flag": 3, "change_message": ""}}, {"model": "admin.logentry", "pk": 59, "fields": {"action_time": "2024-04-21T12:28:21.649Z", "user": 1, "content_type": 10, "object_id": "56", "object_repr": "Blue-Shirt", "action_flag": 3, "change_message": ""}}, {"model": "admin.logentry", "pk": 60, "fields": {"action_time": "2024-04-21T12:28:21.733Z", "user": 1, "content_type": 10, "object_id": "55", "object_repr": "Blue-Shirt", "action_flag": 3, "change_message": ""}}, {"model": "admin.logentry", "pk": 61, "fields": {"action_time": "2024-04-21T12:28:21.807Z", "user": 1, "content_type": 10, "object_id": "54", "object_repr": "Blue-Shirt", "action_flag": 3, "change_message": ""}}, {"model": "admin.logentry", "pk": 62, "fields": {"action_time": "2024-04-21T12:28:21.881Z", "user": 1, "content_type": 10, "object_id": "53", "object_repr": "Blue-Shirt", "action_flag": 3, "change_message": ""}}, {"model": "admin.logentry", "pk": 63, "fields": {"action_time": "2024-04-21T12:28:21.955Z", "user": 1, "content_type": 10, "object_id": "52", "object_repr": "Blue-Shirt", "action_flag": 3, "change_message": ""}}, {"model": "admin.logentry", "pk": 64, "fields": {"action_time": "2024-04-21T12:28:22.039Z", "user": 1, "content_type": 10, "object_id": "51", "object_repr": "Blue-Shirt", "action_flag": 3, "change_message": ""}}, {"model": "admin.logentry", "pk": 65, "fields": {"action_time": "2024-04-21T12:32:18.007Z", "user": 1, "content_type": 10, "object_id": "61", "object_repr": "Blue-Shirt", "action_flag": 3, "change_message": ""}}, {"model": "admin.logentry", "pk": 66, "fields": {"action_time": "2024-04-21T12:32:18.178Z", "user": 1, "content_type": 10, "object_id": "60", "object_repr": "Blue-Shirt", "action_flag": 3, "change_message": ""}}, {"model": "admin.logentry", "pk": 67, "fields": {"action_time": "2024-04-21T12:32:18.252Z", "user": 1, "content_type": 10, "object_id": "59", "object_repr": "Blue-Shirt", "action_flag": 3, "change_message": ""}}, {"model": "admin.logentry", "pk": 68, "fields": {"action_time": "2024-04-21T12:32:18.325Z", "user": 1, "content_type": 10, "object_id": "58", "object_repr": "Blue-Shirt", "action_flag": 3, "change_message": ""}}, {"model": "admin.logentry", "pk": 69, "fields": {"action_time": "2024-05-04T09:34:43.819Z", "user": 1, "content_type": 7, "object_id": "2", "object_repr": "1622abdurrahmafan@gmail.com", "action_flag": 3, "change_message": ""}}, {"model": "admin.logentry", "pk": 70, "fields": {"action_time": "2024-05-04T14:03:53.865Z", "user": 1, "content_type": 7, "object_id": "6", "object_repr": "1622abdurrahmassan@gmail.com", "action_flag": 3, "change_message": ""}}, {"model": "admin.logentry", "pk": 71, "fields": {"action_time": "2024-05-04T14:03:54.042Z", "user": 1, "content_type": 7, "object_id": "4", "object_repr": "1622abdurrahmdaan@gmail.com", "action_flag": 3, "change_message": ""}}, {"model": "admin.logentry", "pk": 72, "fields": {"action_time": "2024-05-04T14:03:54.126Z", "user": 1, "content_type": 7, "object_id": "3", "object_repr": "1622abdurrahmfdaan@gmail.com", "action_flag": 3, "change_message": ""}}, {"model": "admin.logentry", "pk": 73, "fields": {"action_time": "2024-05-04T14:03:54.211Z", "user": 1, "content_type": 7, "object_id": "5", "object_repr": "1622abdurrahmffffaan@gmail.com", "action_flag": 3, "change_message": ""}}, {"model": "admin.logentry", "pk": 74, "fields": {"action_time": "2024-05-04T14:03:54.297Z", "user": 1, "content_type": 7, "object_id": "7", "object_repr": "a1622abdurrahmaan@gmail.com", "action_flag": 3, "change_message": ""}}, {"model": "admin.logentry", "pk": 75, "fields": {"action_time": "2024-05-04T14:04:11.713Z", "user": 1, "content_type": 7, "object_id": "1", "object_repr": "1622abdurrahmaan1@gmail.com", "action_flag": 2, "change_message": "[{\"changed\": {\"fields\": [\"Email\", \"Phone number\"]}}]"}}, {"model": "admin.logentry", "pk": 76, "fields": {"action_time": "2024-05-04T14:10:03.922Z", "user": 1, "content_type": 7, "object_id": "8", "object_repr": "1622abdurrahmaan@gmail.com", "action_flag": 3, "change_message": ""}}, {"model": "admin.logentry", "pk": 77, "fields": {"action_time": "2024-05-04T14:10:05.895Z", "user": 1, "content_type": 7, "object_id": "9", "object_repr": "tempnoor1622@gmail.com", "action_flag": 3, "change_message": ""}}, {"model": "admin.logentry", "pk": 78, "fields": {"action_time": "2024-05-11T05:12:12.373Z", "user": 1, "content_type": 7, "object_id": "10", "object_repr": "tempnoor1622@gmail.com", "action_flag": 3, "change_message": ""}}, {"model": "admin.logentry", "pk": 79, "fields": {"action_time": "2024-05-11T05:25:49.873Z", "user": 1, "content_type": 7, "object_id": "1", "object_repr": "1622abdurrahmaan@gmail.com", "action_flag": 2, "change_message": "[{\"changed\": {\"fields\": [\"Email\"]}}]"}}, {"model": "admin.logentry", "pk": 80, "fields": {"action_time": "2024-05-11T06:32:01.987Z", "user": 1, "content_type": 7, "object_id": "11", "object_repr": "tempnoor1622@gmail.com", "action_flag": 3, "change_message": ""}}, {"model": "admin.logentry", "pk": 81, "fields": {"action_time": "2024-05-11T06:44:54.819Z", "user": 1, "content_type": 7, "object_id": "12", "object_repr": "tempnoor1622@gmail.com", "action_flag": 3, "change_message": ""}}, {"model": "admin.logentry", "pk": 82, "fields": {"action_time": "2024-05-11T06:59:59.737Z", "user": 1, "content_type": 7, "object_id": "13", "object_repr": "tempnoor1622@gmail.com", "action_flag": 3, "change_message": ""}}, {"model": "admin.logentry", "pk": 83, "fields": {"action_time": "2024-05-11T07:02:19.312Z", "user": 1, "content_type": 7, "object_id": "14", "object_repr": "tempnoor1622@gmail.com", "action_flag": 3, "change_message": ""}}, {"model": "admin.logentry", "pk": 84, "fields": {"action_time": "2024-05-11T12:19:12.291Z", "user": 1, "content_type": 10, "object_id": "68", "object_repr": "Blue-Shirt", "action_flag": 3, "change_message": ""}}, {"model": "admin.logentry", "pk": 85, "fields": {"action_time": "2024-05-11T12:19:12.492Z", "user": 1, "content_type": 10, "object_id": "67", "object_repr": "Blue-Shirt", "action_flag": 3, "change_message": ""}}, {"model": "admin.logentry", "pk": 86, "fields": {"action_time": "2024-05-11T12:19:12.577Z", "user": 1, "content_type": 10, "object_id": "66", "object_repr": "Blue-Shirt", "action_flag": 3, "change_message": ""}}, {"model": "admin.logentry", "pk": 87, "fields": {"action_time": "2024-05-11T12:19:20.956Z", "user": 1, "content_type": 9, "object_id": "8", "object_repr": "dxb7dai6e0jmnoo4c49u6onaz7qhkafd", "action_flag": 3, "change_message": ""}}, {"model": "admin.logentry", "pk": 88, "fields": {"action_time": "2024-05-11T12:19:21.130Z", "user": 1, "content_type": 9, "object_id": "7", "object_repr": "uq5nopagiw5rgirlnin2oppo189xmcf6", "action_flag": 3, "change_message": ""}}, {"model": "admin.logentry", "pk": 89, "fields": {"action_time": "2024-05-11T12:19:21.215Z", "user": 1, "content_type": 9, "object_id": "6", "object_repr": "15jps2q5v1okraqvqkffeqxntj8k897k", "action_flag": 3, "change_message": ""}}, {"model": "admin.logentry", "pk": 90, "fields": {"action_time": "2024-05-11T12:19:21.300Z", "user": 1, "content_type": 9, "object_id": "5", "object_repr": "z5lzk1jfrl9v6ge2g8im25u9wcrg4dhy", "action_flag": 3, "change_message": ""}}, {"model": "admin.logentry", "pk": 91, "fields": {"action_time": "2024-05-11T12:19:21.385Z", "user": 1, "content_type": 9, "object_id": "4", "object_repr": "ovw7jdg5mdnu3qv1l6f2yk8qvd4z77ss", "action_flag": 3, "change_message": ""}}, {"model": "admin.logentry", "pk": 92, "fields": {"action_time": "2024-05-11T12:19:21.470Z", "user": 1, "content_type": 9, "object_id": "3", "object_repr": "3o8rwhj85mtl0de03lzl2gbmrpbofqdl", "action_flag": 3, "change_message": ""}}, {"model": "admin.logentry", "pk": 93, "fields": {"action_time": "2024-05-11T12:19:21.555Z", "user": 1, "content_type": 9, "object_id": "2", "object_repr": "oclje7v5tfyl2goej31jsjjpjmsw5r5d", "action_flag": 3, "change_message": ""}}, {"model": "admin.logentry", "pk": 94, "fields": {"action_time": "2024-05-11T12:19:21.640Z", "user": 1, "content_type": 9, "object_id": "1", "object_repr": "j4zkq17ppl9bwb4ni1h107j77oyz11sb", "action_flag": 3, "change_message": ""}}, {"model": "admin.logentry", "pk": 95, "fields": {"action_time": "2024-05-11T12:20:05.004Z", "user": 1, "content_type": 10, "object_id": "69", "object_repr": "Blue-Shirt", "action_flag": 2, "change_message": "[{\"changed\": {\"fields\": [\"User\"]}}]"}}, {"model": "admin.logentry", "pk": 96, "fields": {"action_time": "2024-05-11T12:45:01.697Z", "user": 1, "content_type": 10, "object_id": "69", "object_repr": "Blue-Shirt", "action_flag": 3, "change_message": ""}}, {"model": "admin.logentry", "pk": 97, "fields": {"action_time": "2024-05-12T11:20:23.516Z", "user": 1, "content_type": 13, "object_id": "14", "object_repr": "Abdur", "action_flag": 3, "change_message": ""}}, {"model": "admin.logentry", "pk": 98, "fields": {"action_time": "2024-05-12T11:20:23.714Z", "user": 1, "content_type": 13, "object_id": "13", "object_repr": "Abdur", "action_flag": 3, "change_message": ""}}, {"model": "admin.logentry", "pk": 99, "fields": {"action_time": "2024-05-12T11:20:23.788Z", "user": 1, "content_type": 13, "object_id": "12", "object_repr": "Abdur", "action_flag": 3, "change_message": ""}}, {"model": "admin.logentry", "pk": 100, "fields": {"action_time": "2024-05-12T11:20:23.862Z", "user": 1, "content_type": 13, "object_id": "11", "object_repr": "Abdur", "action_flag": 3, "change_message": ""}}, {"model": "admin.logentry", "pk": 101, "fields": {"action_time": "2024-05-12T11:20:23.969Z", "user": 1, "content_type": 13, "object_id": "10", "object_repr": "Abdur", "action_flag": 3, "change_message": ""}}, {"model": "admin.logentry", "pk": 102, "fields": {"action_time": "2024-05-12T11:20:24.065Z", "user": 1, "content_type": 13, "object_id": "9", "object_repr": "Abdur", "action_flag": 3, "change_message": ""}}, {"model": "admin.logentry", "pk": 103, "fields": {"action_time": "2024-05-12T11:20:24.139Z", "user": 1, "content_type": 13, "object_id": "8", "object_repr": "Abdur", "action_flag": 3, "change_message": ""}}, {"model": "admin.logentry", "pk": 104, "fields": {"action_time": "2024-05-12T11:20:24.214Z", "user": 1, "content_type": 13, "object_id": "7", "object_repr": "Abdur", "action_flag": 3, "change_message": ""}}, {"model": "admin.logentry", "pk": 105, "fields": {"action_time": "2024-05-12T11:20:24.309Z", "user": 1, "content_type": 13, "object_id": "6", "object_repr": "Abdur", "action_flag": 3, "change_message": ""}}, {"model": "admin.logentry", "pk": 106, "fields": {"action_time": "2024-05-12T11:20:24.383Z", "user": 1, "content_type": 13, "object_id": "5", "object_repr": "Abdur", "action_flag": 3, "change_message": ""}}, {"model": "admin.logentry", "pk": 107, "fields": {"action_time": "2024-05-12T11:20:24.456Z", "user": 1, "content_type": 13, "object_id": "4", "object_repr": "Abdur", "action_flag": 3, "change_message": ""}}, {"model": "admin.logentry", "pk": 108, "fields": {"action_time": "2024-05-12T11:20:24.530Z", "user": 1, "content_type": 13, "object_id": "3", "object_repr": "Abdur", "action_flag": 3, "change_message": ""}}, {"model": "admin.logentry", "pk": 109, "fields": {"action_time": "2024-05-12T11:20:24.605Z", "user": 1, "content_type": 13, "object_id": "2", "object_repr": "Abdur", "action_flag": 3, "change_message": ""}}, {"model": "admin.logentry", "pk": 110, "fields": {"action_time": "2024-05-12T11:20:24.678Z", "user": 1, "content_type": 13, "object_id": "1", "object_repr": "Abdur", "action_flag": 3, "change_message": ""}}, {"model": "admin.logentry", "pk": 111, "fields": {"action_time": "2024-05-12T11:20:41.626Z", "user": 1, "content_type": 12, "object_id": "1", "object_repr": "1715512749288", "action_flag": 3, "change_message": ""}}, {"model": "admin.logentry", "pk": 112, "fields": {"action_time": "2024-05-18T13:03:15.273Z", "user": 1, "content_type": 16, "object_id": "1", "object_repr": "abdur", "action_flag": 1, "change_message": "[{\"added\": {}}]"}}, {"model": "admin.logentry", "pk": 113, "fields": {"action_time": "2024-05-19T10:11:54.182Z", "user": 1, "content_type": 17, "object_id": "1", "object_repr": "Blue-Shirt", "action_flag": 1, "change_message": "[{\"added\": {}}]"}}, {"model": "auth.permission", "pk": 1, "fields": {"name": "Can add log entry", "content_type": 1, "codename": "add_logentry"}}, {"model": "auth.permission", "pk": 2, "fields": {"name": "Can change log entry", "content_type": 1, "codename": "change_logentry"}}, {"model": "auth.permission", "pk": 3, "fields": {"name": "Can delete log entry", "content_type": 1, "codename": "delete_logentry"}}, {"model": "auth.permission", "pk": 4, "fields": {"name": "Can view log entry", "content_type": 1, "codename": "view_logentry"}}, {"model": "auth.permission", "pk": 5, "fields": {"name": "Can add permission", "content_type": 2, "codename": "add_permission"}}, {"model": "auth.permission", "pk": 6, "fields": {"name": "Can change permission", "content_type": 2, "codename": "change_permission"}}, {"model": "auth.permission", "pk": 7, "fields": {"name": "Can delete permission", "content_type": 2, "codename": "delete_permission"}}, {"model": "auth.permission", "pk": 8, "fields": {"name": "Can view permission", "content_type": 2, "codename": "view_permission"}}, {"model": "auth.permission", "pk": 9, "fields": {"name": "Can add group", "content_type": 3, "codename": "add_group"}}, {"model": "auth.permission", "pk": 10, "fields": {"name": "Can change group", "content_type": 3, "codename": "change_group"}}, {"model": "auth.permission", "pk": 11, "fields": {"name": "Can delete group", "content_type": 3, "codename": "delete_group"}}, {"model": "auth.permission", "pk": 12, "fields": {"name": "Can view group", "content_type": 3, "codename": "view_group"}}, {"model": "auth.permission", "pk": 13, "fields": {"name": "Can add content type", "content_type": 4, "codename": "add_contenttype"}}, {"model": "auth.permission", "pk": 14, "fields": {"name": "Can change content type", "content_type": 4, "codename": "change_contenttype"}}, {"model": "auth.permission", "pk": 15, "fields": {"name": "Can delete content type", "content_type": 4, "codename": "delete_contenttype"}}, {"model": "auth.permission", "pk": 16, "fields": {"name": "Can view content type", "content_type": 4, "codename": "view_contenttype"}}, {"model": "auth.permission", "pk": 17, "fields": {"name": "Can add session", "content_type": 5, "codename": "add_session"}}, {"model": "auth.permission", "pk": 18, "fields": {"name": "Can change session", "content_type": 5, "codename": "change_session"}}, {"model": "auth.permission", "pk": 19, "fields": {"name": "Can delete session", "content_type": 5, "codename": "delete_session"}}, {"model": "auth.permission", "pk": 20, "fields": {"name": "Can view session", "content_type": 5, "codename": "view_session"}}, {"model": "auth.permission", "pk": 21, "fields": {"name": "Can add category", "content_type": 6, "codename": "add_category"}}, {"model": "auth.permission", "pk": 22, "fields": {"name": "Can change category", "content_type": 6, "codename": "change_category"}}, {"model": "auth.permission", "pk": 23, "fields": {"name": "Can delete category", "content_type": 6, "codename": "delete_category"}}, {"model": "auth.permission", "pk": 24, "fields": {"name": "Can view category", "content_type": 6, "codename": "view_category"}}, {"model": "auth.permission", "pk": 25, "fields": {"name": "Can add account", "content_type": 7, "codename": "add_account"}}, {"model": "auth.permission", "pk": 26, "fields": {"name": "Can change account", "content_type": 7, "codename": "change_account"}}, {"model": "auth.permission", "pk": 27, "fields": {"name": "Can delete account", "content_type": 7, "codename": "delete_account"}}, {"model": "auth.permission", "pk": 28, "fields": {"name": "Can view account", "content_type": 7, "codename": "view_account"}}, {"model": "auth.permission", "pk": 29, "fields": {"name": "Can add product", "content_type": 8, "codename": "add_product"}}, {"model": "auth.permission", "pk": 30, "fields": {"name": "Can change product", "content_type": 8, "codename": "change_product"}}, {"model": "auth.permission", "pk": 31, "fields": {"name": "Can delete product", "content_type": 8, "codename": "delete_product"}}, {"model": "auth.permission", "pk": 32, "fields": {"name": "Can view product", "content_type": 8, "codename": "view_product"}}, {"model": "auth.permission", "pk": 33, "fields": {"name": "Can add cart", "content_type": 9, "codename": "add_cart"}}, {"model": "auth.permission", "pk": 34, "fields": {"name": "Can change cart", "content_type": 9, "codename": "change_cart"}}, {"model": "auth.permission", "pk": 35, "fields": {"name": "Can delete cart", "content_type": 9, "codename": "delete_cart"}}, {"model": "auth.permission", "pk": 36, "fields": {"name": "Can view cart", "content_type": 9, "codename": "view_cart"}}, {"model": "auth.permission", "pk": 37, "fields": {"name": "Can add cart item", "content_type": 10, "codename": "add_cartitem"}}, {"model": "auth.permission", "pk": 38, "fields": {"name": "Can change cart item", "content_type": 10, "codename": "change_cartitem"}}, {"model": "auth.permission", "pk": 39, "fields": {"name": "Can delete cart item", "content_type": 10, "codename": "delete_cartitem"}}, {"model": "auth.permission", "pk": 40, "fields": {"name": "Can view cart item", "content_type": 10, "codename": "view_cartitem"}}, {"model": "auth.permission", "pk": 41, "fields": {"name": "Can add variation", "content_type": 11, "codename": "add_variation"}}, {"model": "auth.permission", "pk": 42, "fields": {"name": "Can change variation", "content_type": 11, "codename": "change_variation"}}, {"model": "auth.permission", "pk": 43, "fields": {"name": "Can delete variation", "content_type": 11, "codename": "delete_variation"}}, {"model": "auth.permission", "pk": 44, "fields": {"name": "Can view variation", "content_type": 11, "codename": "view_variation"}}, {"model": "auth.permission", "pk": 45, "fields": {"name": "Can add payment", "content_type": 12, "codename": "add_payment"}}, {"model": "auth.permission", "pk": 46, "fields": {"name": "Can change payment", "content_type": 12, "codename": "change_payment"}}, {"model": "auth.permission", "pk": 47, "fields": {"name": "Can delete payment", "content_type": 12, "codename": "delete_payment"}}, {"model": "auth.permission", "pk": 48, "fields": {"name": "Can view payment", "content_type": 12, "codename": "view_payment"}}, {"model": "auth.permission", "pk": 49, "fields": {"name": "Can add order", "content_type": 13, "codename": "add_order"}}, {"model": "auth.permission", "pk": 50, "fields": {"name": "Can change order", "content_type": 13, "codename": "change_order"}}, {"model": "auth.permission", "pk": 51, "fields": {"name": "Can delete order", "content_type": 13, "codename": "delete_order"}}, {"model": "auth.permission", "pk": 52, "fields": {"name": "Can view order", "content_type": 13, "codename": "view_order"}}, {"model": "auth.permission", "pk": 53, "fields": {"name": "Can add order product", "content_type": 14, "codename": "add_orderproduct"}}, {"model": "auth.permission", "pk": 54, "fields": {"name": "Can change order product", "content_type": 14, "codename": "change_orderproduct"}}, {"model": "auth.permission", "pk": 55, "fields": {"name": "Can delete order product", "content_type": 14, "codename": "delete_orderproduct"}}, {"model": "auth.permission", "pk": 56, "fields": {"name": "Can view order product", "content_type": 14, "codename": "view_orderproduct"}}, {"model": "auth.permission", "pk": 57, "fields": {"name": "Can add review rating", "content_type": 15, "codename": "add_reviewrating"}}, {"model": "auth.permission", "pk": 58, "fields": {"name": "Can change review rating", "content_type": 15, "codename": "change_reviewrating"}}, {"model": "auth.permission", "pk": 59, "fields": {"name": "Can delete review rating", "content_type": 15, "codename": "delete_reviewrating"}}, {"model": "auth.permission", "pk": 60, "fields": {"name": "Can view review rating", "content_type": 15, "codename": "view_reviewrating"}}, {"model": "auth.permission", "pk": 61, "fields": {"name": "Can add user profile", "content_type": 16, "codename": "add_userprofile"}}, {"model": "auth.permission", "pk": 62, "fields": {"name": "Can change user profile", "content_type": 16, "codename": "change_userprofile"}}, {"model": "auth.permission", "pk": 63, "fields": {"name": "Can delete user profile", "content_type": 16, "codename": "delete_userprofile"}}, {"model": "auth.permission", "pk": 64, "fields": {"name": "Can view user profile", "content_type": 16, "codename": "view_userprofile"}}, {"model": "auth.permission", "pk": 65, "fields": {"name": "Can add productgallery", "content_type": 17, "codename": "add_productgallery"}}, {"model": "auth.permission", "pk": 66, "fields": {"name": "Can change productgallery", "content_type": 17, "codename": "change_productgallery"}}, {"model": "auth.permission", "pk": 67, "fields": {"name": "Can delete productgallery", "content_type": 17, "codename": "delete_productgallery"}}, {"model": "auth.permission", "pk": 68, "fields": {"name": "Can view productgallery", "content_type": 17, "codename": "view_productgallery"}}, {"model": "contenttypes.contenttype", "pk": 1, "fields": {"app_label": "admin", "model": "logentry"}}, {"model": "contenttypes.contenttype", "pk": 2, "fields": {"app_label": "auth", "model": "permission"}}, {"model": "contenttypes.contenttype", "pk": 3, "fields": {"app_label": "auth", "model": "group"}}, {"model": "contenttypes.contenttype", "pk": 4, "fields": {"app_label": "contenttypes", "model": "contenttype"}}, {"model": "contenttypes.contenttype", "pk": 5, "fields": {"app_label": "sessions", "model": "session"}}, {"model": "contenttypes.contenttype", "pk": 6, "fields": {"app_label": "category", "model": "category"}}, {"model": "contenttypes.contenttype", "pk": 7, "fields": {"app_label": "accounts", "model": "account"}}, {"model": "contenttypes.contenttype", "pk": 8, "fields": {"app_label": "store", "model": "product"}}, {"model": "contenttypes.contenttype", "pk": 9, "fields": {"app_label": "carts", "model": "cart"}}, {"model": "contenttypes.contenttype", "pk": 10, "fields": {"app_label": "carts", "model": "cartitem"}}, {"model": "contenttypes.contenttype", "pk": 11, "fields": {"app_label": "store", "model": "variation"}}, {"model": "contenttypes.contenttype", "pk": 12, "fields": {"app_label": "orders", "model": "payment"}}, {"model": "contenttypes.contenttype", "pk": 13, "fields": {"app_label": "orders", "model": "order"}}, {"model": "contenttypes.contenttype", "pk": 14, "fields": {"app_label": "orders", "model": "orderproduct"}}, {"model": "contenttypes.contenttype", "pk": 15, "fields": {"app_label": "store", "model": "reviewrating"}}, {"model": "contenttypes.contenttype", "pk": 16, "fields": {"app_label": "accounts", "model": "userprofile"}}, {"model": "contenttypes.contenttype", "pk": 17, "fields": {"app_label": "store", "model": "productgallery"}}, {"model": "sessions.session", "pk": "7rcaxcujdoq85tdyd7bczvg3of04c9qw", "fields": {"session_data": ".eJxtjMEKwyAQRP_FcxEXDdUee-83yLq71rQlQoyn0n-vgVwKPQ3MezNv1WdWFwWTOqmIfSuxN1nj3zIhPWXZCT9wuVdNddnWOeld0Qdt-lZZXtfD_Tko2MpY0xkgJTQwkZGcEL1ACCPBOQmeXGZIlsUHGzJZ69nZMAKMYco2q88X_dI7UQ:1s5ixR:JZ0ZXXB5vW4Nvgr7xsSei6ggOka3dWR4NQXIM3kqMGo", "expire_date": "2024-05-25T09:23:57.734Z"}}, {"model": "sessions.session", "pk": "8bsyiflmbz21zqigc319271r7mkzhran", "fields": {"session_data": "e30:1sAvTV:VWWVqFms8Fzd1nvJppLeGoivoCuvIaaaqqBGdednc8A", "expire_date": "2024-06-08T17:46:33.206Z"}}, {"model": "sessions.session", "pk": "8ji23hvejllws8dwqv3yhnfcq84q0lsd", "fields": {"session_data": "e30:1s8dqJ:J69tLs7I3WWZ4UQJQKcRHqFbVit7XTd5roGoniXgrgk", "expire_date": "2024-06-02T10:32:39.726Z"}}, {"model": "sessions.session", "pk": "a6xjrpyjnfgj3qmz2pbd5wna69vsaiuj", "fields": {"session_data": ".eJxVjMsOwiAUBf-FtSEXaABduvcbCPeBVA1NSrtq_Hdt0oVuz8ycTaW8LjWtXeY0srooo06_G2Z6StsBP3K7T5qmtswj6l3RB-36NrG8rof7d1Bzr98aKHgfAAkcEaMxKMDWIQ1kPZlQ2AlysNlE8QUjxVgGdyaxCBAcqfcH_nU4pw:1rWBm2:nX7489KvchFz2JaIjhtpRF9106zIbu4m5K5BnsRu9uI", "expire_date": "2024-02-17T08:53:18.932Z"}}, {"model": "sessions.session", "pk": "hrem7nt2dj75er2ln1ermrvrmqt4bnq4", "fields": {"session_data": ".eJxVjMsOwiAUBf-FtSEXaABduvcbCPeBVA1NSrtq_Hdt0oVuz8ycTaW8LjWtXeY0srooo06_G2Z6StsBP3K7T5qmtswj6l3RB-36NrG8rof7d1Bzr98aKHgfAAkcEaMxKMDWIQ1kPZlQ2AlysNlE8QUjxVgGdyaxCBAcqfcH_nU4pw:1rMQYU:60YL5pPZd4X7nt5M-qMdbVGsEBQnRc1QAgOpvuo1dfo", "expire_date": "2024-01-21T10:38:58.919Z"}}, {"model": "sessions.session", "pk": "j4zkq17ppl9bwb4ni1h107j77oyz11sb", "fields": {"session_data": ".eJxVjMsOwiAUBf-FtSEXaABduvcbCPeBVA1NSrtq_Hdt0oVuz8ycTaW8LjWtXeY0srooo06_G2Z6StsBP3K7T5qmtswj6l3RB-36NrG8rof7d1Bzr98aKHgfAAkcEaMxKMDWIQ1kPZlQ2AlysNlE8QUjxVgGdyaxCBAcqfcH_nU4pw:1rbJ3c:Q8uwWIDo_tx4NkydFACRvieJoOEAxJsPkIKZPdAC3ts", "expire_date": "2024-03-02T11:40:36.323Z"}}, {"model": "sessions.session", "pk": "oclje7v5tfyl2goej31jsjjpjmsw5r5d", "fields": {"session_data": "e30:1rlPJO:S-X3h-DY1XCXz3_5WRC3IpivwRYxAZfUcDw-tAzcYg8", "expire_date": "2024-03-30T08:22:38.094Z"}}, {"model": "sessions.session", "pk": "ovw7jdg5mdnu3qv1l6f2yk8qvd4z77ss", "fields": {"session_data": ".eJxVjMsOwiAUBf-FtSEXaABduvcbCPeBVA1NSrtq_Hdt0oVuz8ycTaW8LjWtXeY0srooo06_G2Z6StsBP3K7T5qmtswj6l3RB-36NrG8rof7d1Bzr98aKHgfAAkcEaMxKMDWIQ1kPZlQ2AlysNlE8QUjxVgGdyaxCBAcqfcH_nU4pw:1rt1sG:d_UeBtG38iJaAEp6yNRKE1iC4XJulyKDEz-nStY_vKc", "expire_date": "2024-04-20T08:58:08.849Z"}}, {"model": "category.category", "pk": 1, "fields": {"category_name": "Shirts", "slug": "shirts", "description": "Shirts Category", "cat_image": "photos/categories/shirts.jpg"}}, {"model": "category.category", "pk": 2, "fields": {"category_name": "T Shirt", "slug": "t-shirt", "description": "This is the tshirt description", "cat_image": "photos/categories/tshirts.jpg"}}, {"model": "category.category", "pk": 3, "fields": {"category_name": "Shoes", "slug": "shoes", "description": "Shoes description", "cat_image": "photos/categories/shoes.png"}}, {"model": "category.category", "pk": 4, "fields": {"category_name": "Jackets", "slug": "jackets", "description": "Jackets Description", "cat_image": "photos/categories/jackets.jpg"}}, {"model": "category.category", "pk": 5, "fields": {"category_name": "Jeans", "slug": "jeans", "description": "Jeans Description", "cat_image": "photos/categories/jeans.jpg"}}, {"model": "accounts.account", "pk": 1, "fields": {"password": "pbkdf2_sha256$600000$oPlAI80ioJMBxIvZvTeGIP$xw3IsRcmdwdXonfZzx7FVNfYmpmsWyn9uFah2xv6qXI=", "first_name": "abdur", "last_name": "rahmaan", "username": "abdurrahmaan", "email": "1622abdurrahmaan@gmail.com", "phone_number": "7904380594", "date_joined": "2024-01-07T10:37:38.537Z", "last_login": "2024-05-19T10:00:14.855Z", "is_admin": true, "is_staff": true, "is_active": true, "is_superadmin": true}}, {"model": "accounts.account", "pk": 15, "fields": {"password": "pbkdf2_sha256$600000$F8ug6eaY09DT2pyInAoN3v$GLU6NzfQnV5mUgfEd1XuzlOqMfu04QdE5PI4jAF8Ers=", "first_name": "Abdur", "last_name": "Rahmaan", "username": "tempnoor1622", "email": "tempnoor1622@gmail.com", "phone_number": "7904380594", "date_joined": "2024-05-11T07:02:35.273Z", "last_login": "2024-05-11T09:23:57.660Z", "is_admin": false, "is_staff": false, "is_active": true, "is_superadmin": false}}, {"model": "accounts.account", "pk": 16, "fields": {"password": "pbkdf2_sha256$600000$TGJuBTa5UIHhwT1XJQ3l6Y$5u+LHzwHTnvWcMkAA5yM26LCG4kmvHVoBgZG+URc238=", "first_name": "Abdur", "last_name": "Rahmaan", "username": "sample1", "email": "sample1@gmail.com", "phone_number": "352322", "date_joined": "2024-05-19T09:52:25.160Z", "last_login": "2024-05-19T09:52:25.160Z", "is_admin": false, "is_staff": false, "is_active": false, "is_superadmin": false}}, {"model": "accounts.userprofile", "pk": 1, "fields": {"user": 1, "address_line_1": "adfa", "address_line_2": "dv sxd v", "profile_picture": "userprofile/3aaffa1e-36ab-4c22-8488-83530dcbb611.jpg", "city": "sc", "state": "vsdv", "country": "sxxxxxv"}}, {"model": "accounts.userprofile", "pk": 2, "fields": {"user": 16, "address_line_1": "", "address_line_2": "", "profile_picture": "default/default-user.png", "city": "", "state": "", "country": ""}}, {"model": "store.product", "pk": 1, "fields": {"product_name": "Wrangler-Shirt", "slug": "wrangler-shirt", "description": "Etiam auctor diam a mauris condimentum, eget facilisis velit iaculis. Ut sit amet viverra nisl. In pellentesque felis quis ante hendrerit, sit amet fringilla diam aliquet. Nulla vitae efficitur diam,", "price": 199, "Images": "photos/products/Wrangler-Shirt.jpg", "stock": 100, "is_available": true, "category": 1, "created_date": "2024-02-03T09:27:41.325Z", "modified_date": "2024-02-03T09:27:41.325Z"}}, {"model": "store.product", "pk": 2, "fields": {"product_name": "US-Polo-Assn_Jacket", "slug": "us-polo-assn_jacket", "description": "Etiam auctor diam a mauris condimentum, eget facilisis velit iaculis. Ut sit amet viverra nisl. In pellentesque felis quis ante hendrerit, sit amet fringilla diam aliquet. Nulla vitae efficitur diam,", "price": 456, "Images": "photos/products/US-Polo-Assn_Jacket.jpg", "stock": 678, "is_available": true, "category": 4, "created_date": "2024-02-03T09:28:16.662Z", "modified_date": "2024-02-03T09:28:16.663Z"}}, {"model": "store.product", "pk": 3, "fields": {"product_name": "Puma-Ferrari-Shoes", "slug": "puma-ferrari-shoes", "description": "Etiam auctor diam a mauris condimentum, eget facilisis velit iaculis. Ut sit amet viverra nisl. In pellentesque felis quis ante hendrerit, sit amet fringilla diam aliquet. Nulla vitae efficitur diam,", "price": 789, "Images": "photos/products/Puma-Ferrari-Shoes.jpg", "stock": 665, "is_available": true, "category": 3, "created_date": "2024-02-03T09:28:45.448Z", "modified_date": "2024-02-03T09:28:45.448Z"}}, {"model": "store.product", "pk": 4, "fields": {"product_name": "Mavi_jeans", "slug": "mavi_jeans", "description": "Etiam auctor diam a mauris condimentum, eget facilisis velit iaculis. Ut sit amet viverra nisl. In pellentesque felis quis ante hendrerit, sit amet fringilla diam aliquet. Nulla vitae efficitur diam,", "price": 344, "Images": "photos/products/Mavi_jeans.jpg", "stock": 467, "is_available": true, "category": 5, "created_date": "2024-02-03T09:29:24.289Z", "modified_date": "2024-02-03T09:29:24.290Z"}}, {"model": "store.product", "pk": 5, "fields": {"product_name": "jordan-true-flight-basketball-shoes", "slug": "jordan-true-flight-basketball-shoes", "description": "Etiam auctor diam a mauris condimentum, eget facilisis velit iaculis. Ut sit amet viverra nisl. In pellentesque felis quis ante hendrerit, sit amet fringilla diam aliquet. Nulla vitae efficitur diam,", "price": 7890, "Images": "photos/products/jordan-true-flight-basketball-shoes.jpg", "stock": 563, "is_available": true, "category": 3, "created_date": "2024-02-03T09:30:03.211Z", "modified_date": "2024-02-03T09:30:03.211Z"}}, {"model": "store.product", "pk": 6, "fields": {"product_name": "Great-Tshirt", "slug": "great-tshirt", "description": "Etiam auctor diam a mauris condimentum, eget facilisis velit iaculis. Ut sit amet viverra nisl. In pellentesque felis quis ante hendrerit, sit amet fringilla diam aliquet. Nulla vitae efficitur diam,", "price": 443, "Images": "photos/products/Great-Tshirt.jpg", "stock": 0, "is_available": true, "category": 2, "created_date": "2024-02-03T09:30:39.148Z", "modified_date": "2024-02-11T08:26:15.652Z"}}, {"model": "store.product", "pk": 7, "fields": {"product_name": "Blue-Shirt", "slug": "blue-shirt", "description": "Etiam auctor diam a mauris condimentum, eget facilisis velit iaculis. Ut sit amet viverra nisl. In pellentesque felis quis ante hendrerit, sit amet fringilla diam aliquet. Nulla vitae efficitur diam,", "price": 546, "Images": "photos/products/Blue-Shirt.jpg", "stock": 443, "is_available": true, "category": 1, "created_date": "2024-02-03T09:31:07.447Z", "modified_date": "2024-05-13T09:55:08.231Z"}}, {"model": "store.variation", "pk": 1, "fields": {"product": 7, "variation_category": "color", "variation_value": "blue", "is_active": true, "created_date": "2024-04-06T09:04:50.199Z"}}, {"model": "store.variation", "pk": 3, "fields": {"product": 7, "variation_category": "color", "variation_value": "red", "is_active": true, "created_date": "2024-04-06T09:10:06.032Z"}}, {"model": "store.variation", "pk": 4, "fields": {"product": 7, "variation_category": "color", "variation_value": "green", "is_active": true, "created_date": "2024-04-06T09:10:17.919Z"}}, {"model": "store.variation", "pk": 5, "fields": {"product": 7, "variation_category": "size", "variation_value": "xl", "is_active": true, "created_date": "2024-04-06T09:10:26.711Z"}}, {"model": "store.variation", "pk": 6, "fields": {"product": 7, "variation_category": "size", "variation_value": "xxxl", "is_active": true, "created_date": "2024-04-06T09:10:40.735Z"}}, {"model": "store.variation", "pk": 7, "fields": {"product": 7, "variation_category": "color", "variation_value": "orange", "is_active": true, "created_date": "2024-04-21T06:32:37.337Z"}}, {"model": "store.variation", "pk": 8, "fields": {"product": 2, "variation_category": "size", "variation_value": "small", "is_active": true, "created_date": "2024-04-21T09:11:41.690Z"}}, {"model": "store.variation", "pk": 9, "fields": {"product": 2, "variation_category": "color", "variation_value": "blue", "is_active": true, "created_date": "2024-04-21T09:12:10.274Z"}}, {"model": "store.variation", "pk": 10, "fields": {"product": 2, "variation_category": "color", "variation_value": "tea", "is_active": true, "created_date": "2024-04-21T09:23:54.027Z"}}, {"model": "store.reviewrating", "pk": 1, "fields": {"product": 7, "user": 1, "subject": "dfbdb", "review": "zxsd vsdz v", "rating": 4.0, "ip": "127.0.0.1", "status": true, "created_at": "2024-05-18T06:57:34.382Z", "updated_at": "2024-05-18T09:12:21.622Z"}}, {"model": "store.productgallery", "pk": 1, "fields": {"product": 7, "image": "store/products/default-user.png"}}, {"model": "carts.cart", "pk": 9, "fields": {"cart_id": "dxb7dai6e0jmnoo4c49u6onaz7qhkafd", "date_added": "2024-05-11"}}, {"model": "carts.cart", "pk": 10, "fields": {"cart_id": "wkpu35h0qv6b3pivsy9qk6ml74t0itxz", "date_added": "2024-05-11"}}, {"model": "carts.cart", "pk": 11, "fields": {"cart_id": "y2nwrarzgbrjwwg7mh09meigf9tgtp8g", "date_added": "2024-05-11"}}, {"model": "carts.cart", "pk": 12, "fields": {"cart_id": "o5a9yngvvkzre3kfccpskf4zrf9up1m9", "date_added": "2024-05-11"}}, {"model": "carts.cart", "pk": 13, "fields": {"cart_id": "kwa8dxeezqnowbj461zv3t8jwuygr50m", "date_added": "2024-05-11"}}, {"model": "carts.cartitem", "pk": 72, "fields": {"user": null, "product": 7, "cart": 11, "quantity": 1, "is_active": true, "variations": [1, 5]}}, {"model": "carts.cartitem", "pk": 73, "fields": {"user": null, "product": 7, "cart": 12, "quantity": 1, "is_active": true, "variations": [1, 5]}}, {"model": "carts.cartitem", "pk": 82, "fields": {"user": 1, "product": 7, "cart": null, "quantity": 1, "is_active": true, "variations": [3, 5]}}, {"model": "orders.payment", "pk": 2, "fields": {"user": 1, "payment_id": "1715591688855", "payment_method": "PayPal", "amount_paid": "3898.44", "status": "COMPLETED", "created_at": "2024-05-13T09:14:48.862Z"}}, {"model": "orders.payment", "pk": 3, "fields": {"user": 1, "payment_id": "1715591933439", "payment_method": "PayPal", "amount_paid": "556.92", "status": "COMPLETED", "created_at": "2024-05-13T09:18:53.449Z"}}, {"model": "orders.payment", "pk": 4, "fields": {"user": 1, "payment_id": "1715592053159", "payment_method": "PayPal", "amount_paid": "1113.84", "status": "COMPLETED", "created_at": "2024-05-13T09:20:53.476Z"}}, {"model": "orders.payment", "pk": 5, "fields": {"user": 1, "payment_id": "1715593683320", "payment_method": "PayPal", "amount_paid": "556.92", "status": "COMPLETED", "created_at": "2024-05-13T09:48:03.638Z"}}, {"model": "orders.payment", "pk": 6, "fields": {"user": 1, "payment_id": "1715593982407", "payment_method": "PayPal", "amount_paid": "556.92", "status": "COMPLETED", "created_at": "2024-05-13T09:53:02.885Z"}}, {"model": "orders.payment", "pk": 7, "fields": {"user": 1, "payment_id": "1715594107363", "payment_method": "PayPal", "amount_paid": "556.92", "status": "COMPLETED", "created_at": "2024-05-13T09:55:07.686Z"}}, {"model": "orders.order", "pk": 15, "fields": {"user": 1, "payment": 2, "order_number": "2024051315", "first_name": "Abdur", "last_name": "Rahmaan", "phone": "sasc", "email": "tempnoor1622@gmail.com", "address_line_1": "SHRI JANAVI PG", "address_line_2": "MALWADI", "country": "India", "state": "MAHARASHTRA", "city": "PUNE", "order_note": "super", "order_total": 3898.44, "tax": 76.44, "status": "New", "ip": "127.0.0.1", "is_ordered": true, "created_at": "2024-05-13T09:14:44.193Z", "updated_at": "2024-05-13T09:14:49.034Z"}}, {"model": "orders.order", "pk": 16, "fields": {"user": 1, "payment": 3, "order_number": "2024051316", "first_name": "Abdur", "last_name": "Rahmaan", "phone": "sasc", "email": "tempnoor1622@gmail.com", "address_line_1": "SHRI JANAVI PG", "address_line_2": "MALWADI", "country": "India", "state": "MAHARASHTRA", "city": "PUNE", "order_note": "xsda", "order_total": 556.92, "tax": 10.92, "status": "New", "ip": "127.0.0.1", "is_ordered": true, "created_at": "2024-05-13T09:18:48.745Z", "updated_at": "2024-05-13T09:18:53.620Z"}}, {"model": "orders.order", "pk": 17, "fields": {"user": 1, "payment": 4, "order_number": "2024051317", "first_name": "af", "last_name": "aszac", "phone": "474643", "email": "tempnoor1622@gmail.com", "address_line_1": "SHRI JANAVI PGs", "address_line_2": "MALWADI", "country": "India", "state": "MAHARASHTRA", "city": "PUNE", "order_note": "avcsavsv", "order_total": 1113.84, "tax": 21.84, "status": "New", "ip": "127.0.0.1", "is_ordered": true, "created_at": "2024-05-13T09:20:46.125Z", "updated_at": "2024-05-13T09:20:53.644Z"}}, {"model": "orders.order", "pk": 18, "fields": {"user": 1, "payment": 5, "order_number": "2024051318", "first_name": "Abdur", "last_name": "aszac", "phone": "sasc", "email": "safca@gmail.com", "address_line_1": "SHRI JANAVI PG", "address_line_2": "MALWADI", "country": "India", "state": "MAHARASHTRA", "city": "PUNE", "order_note": "ss", "order_total": 556.92, "tax": 10.92, "status": "New", "ip": "127.0.0.1", "is_ordered": true, "created_at": "2024-05-13T09:47:58.221Z", "updated_at": "2024-05-13T09:48:03.817Z"}}, {"model": "orders.order", "pk": 19, "fields": {"user": 1, "payment": 6, "order_number": "2024051319", "first_name": "Abdur", "last_name": "Rahmaan", "phone": "474643", "email": "tempnoor1622@gmail.com", "address_line_1": "SHRI JANAVI PG", "address_line_2": "MALWADI", "country": "India", "state": "MAHARASHTRA", "city": "PUNE", "order_note": "fc", "order_total": 556.92, "tax": 10.92, "status": "New", "ip": "127.0.0.1", "is_ordered": true, "created_at": "2024-05-13T09:52:59.035Z", "updated_at": "2024-05-13T09:53:02.969Z"}}, {"model": "orders.order", "pk": 20, "fields": {"user": 1, "payment": 7, "order_number": "2024051320", "first_name": "Abdur", "last_name": "Rahmaan", "phone": "sasc", "email": "1622abdurrahmaan@gmail.com", "address_line_1": "SHRI JANAVI PG", "address_line_2": "MALWADI", "country": "India", "state": "MAHARASHTRA", "city": "PUNE", "order_note": "svs", "order_total": 556.92, "tax": 10.92, "status": "New", "ip": "127.0.0.1", "is_ordered": true, "created_at": "2024-05-13T09:55:04.629Z", "updated_at": "2024-05-13T09:55:07.856Z"}}, {"model": "orders.orderproduct", "pk": 1, "fields": {"order": 15, "payment": 2, "user": 1, "product": 7, "quantity": 5, "product_price": 546.0, "ordered": true, "created_at": "2024-05-13T09:14:49.132Z", "updated_at": "2024-05-13T09:14:49.344Z", "variations": [1, 5]}}, {"model": "orders.orderproduct", "pk": 2, "fields": {"order": 15, "payment": 2, "user": 1, "product": 7, "quantity": 2, "product_price": 546.0, "ordered": true, "created_at": "2024-05-13T09:14:49.527Z", "updated_at": "2024-05-13T09:14:49.695Z", "variations": [3, 5]}}, {"model": "orders.orderproduct", "pk": 3, "fields": {"order": 16, "payment": 3, "user": 1, "product": 7, "quantity": 1, "product_price": 546.0, "ordered": true, "created_at": "2024-05-13T09:18:53.707Z", "updated_at": "2024-05-13T09:18:53.874Z", "variations": [1, 5]}}, {"model": "orders.orderproduct", "pk": 4, "fields": {"order": 17, "payment": 4, "user": 1, "product": 7, "quantity": 2, "product_price": 546.0, "ordered": true, "created_at": "2024-05-13T09:20:53.733Z", "updated_at": "2024-05-13T09:20:53.898Z", "variations": [1, 6]}}, {"model": "orders.orderproduct", "pk": 5, "fields": {"order": 18, "payment": 5, "user": 1, "product": 7, "quantity": 1, "product_price": 546.0, "ordered": true, "created_at": "2024-05-13T09:48:03.906Z", "updated_at": "2024-05-13T09:48:04.138Z", "variations": [1, 5]}}, {"model": "orders.orderproduct", "pk": 6, "fields": {"order": 19, "payment": 6, "user": 1, "product": 7, "quantity": 1, "product_price": 546.0, "ordered": true, "created_at": "2024-05-13T09:53:03.080Z", "updated_at": "2024-05-13T09:53:03.246Z", "variations": [4, 6]}}, {"model": "orders.orderproduct", "pk": 7, "fields": {"order": 20, "payment": 7, "user": 1, "product": 7, "quantity": 1, "product_price": 546.0, "ordered": true, "created_at": "2024-05-13T09:55:07.946Z", "updated_at": "2024-05-13T09:55:08.111Z", "variations": [3, 5]}}]
